№,Время последней сделки,Название,Тикер,"Цена, посл","Изм, %","Объем, млн руб","1 нед, %","1 м, %","ytd, %","ytd, %",Капит-я млрд руб,Капит-я млрд $,ИзмОбъема
1,18:39:58,Сбербанк,SBER,123.99,+0.21%,4 518.61,+5.0%,-0.9%,-57.7%,-57.7%,2 792.59,49.24,-10%
2,18:39:58,ГАЗПРОМ ао,GAZP,315.23,-0.56%,4 052.57,+2.0%,+18.7%,-8.1%,-8.1%,7 468.99,131.70,-34%
3,18:39:56,ЛУКОЙЛ,LKOH,4184,-1.82%,2 103.90,+7.7%,-6.8%,-36.2%,-36.2%,2 897.56,51.09,-45%
4,18:39:55,Новатэк ао,NVTK,875.8,-1.28%,1 048.70,+9.5%,-12.6%,-49.1%,-49.1%,2 659.20,46.89,-48%
5,18:39:56,Роснефть,ROSN,380,-0.78%,862.36,+2.8%,-5.9%,-36.5%,-36.5%,4 074.47,71.85,-49%
6,18:39:58,ГМКНорНик,GMKN,19148,-1.15%,718.98,-1.8%,-10.7%,-16.1%,-16.1%,2 949.25,52.01,-37%
7,18:39:57,ВТБ ао,VTBR,0.01798,+1.04%,684.83,+5.8%,-6.6%,-62.7%,-62.7%,754.46,13.30,+40%
8,18:39:53,Yandex clA,YNDX,1465,+0.6%,669.38,+4.6%,-14.6%,-67.5%,-67.5%,474.37,8.36,+17%
9,18:39:57,ИнтерРАОао,IRAO,3.4415,+4.51%,535.53,+10.2%,+23.8%,-19.6%,-19.6%,359.66,6.34,+118%
10,18:39:56,Акрон,AKRN,16400,+3.69%,518.48,+15.7%,-10.4%,+32.9%,+32.9%,660.87,11.65,+122%
11,18:39:56,СевСт-ао,CHMF,739.6,-0.24%,503.30,+3.2%,-35.7%,-53.9%,-53.9%,615.72,10.86,+13%
12,18:39:56,Сбербанк-п,SBERP,118.43,+0.89%,500.65,+3.8%,-3.2%,-57.5%,-57.5%,2 792.59,49.24,-18%
13,18:39:58,ФосАгро ао,PHOR,7555,-1.5%,483.73,+4.1%,-4.9%,+29.4%,+29.4%,976.82,17.22,-33%
14,18:39:51,ЭнелРос ао,ENRU,0.4918,-11.83%,481.39,-1.3%,+2.5%,-42.9%,-42.9%,17.49,0.31,+308%
15,18:39:58,Полюс,PLZL,10236,-0.09%,402.13,+0.8%,-17.2%,-21.4%,-21.4%,1 408.39,24.83,+42%
16,18:39:55,Аэрофлот,AFLT,27.52,+2.46%,401.30,+5.2%,-8.4%,-53.3%,-53.3%,67.27,1.19,+47%
17,18:39:50,TCS-гдр,TCSG,1673.5,-3.66%,397.51,-1.9%,-30.3%,-72.4%,-72.4%,333.53,5.88,+30%
18,18:39:56,Юнипро ао,UPRO,1.419,-4.77%,386.90,+11.4%,+1.5%,-45.7%,-45.7%,89.47,1.58,+195%
19,18:39:55,ММК,MAGN,33.245,+0.14%,347.62,+7.6%,-27.3%,-52.1%,-52.1%,371.83,6.56,-22%
20,18:39:48,МКБ ао,CBOM,5.253,-0.68%,315.80,+1.8%,-9.8%,-23.3%,-23.3%,175.47,3.09,-14%
21,18:39:46,Магнит ао,MGNT,4319,-1.68%,302.00,+2.7%,-12.1%,-20.7%,-20.7%,440.16,7.76,-38%
22,18:39:58,АЛРОСА ао,ALRS,68.21,+0.31%,240.06,+0.4%,-11.6%,-44.3%,-44.3%,500.08,8.82,-17%
23,18:39:57,Самолет ао,SMLT,2339,+1.61%,225.59,+2.1%,-3.5%,-52.1%,-52.1%,142.74,2.52,+211%
24,18:39:56,ПИК ао,PIKK,578.3,+3.42%,224.78,+4.0%,-3.1%,-47.8%,-47.8%,381.97,6.74,+99%
25,18:39:48,Татнфт 3ао,TATN,434.1,-1.34%,220.23,+2.9%,+6.7%,-13.1%,-13.1%,996.82,17.58,-44%
26,18:39:51,МТС-ао,MTSS,274.7,-0.85%,220.08,+0.2%,+12.5%,-7.9%,-7.9%,548.96,9.68,+18%
27,18:39:56,VK-гдр,VKCO,308,-1.79%,196.54,+10.2%,-17.8%,-64.6%,-64.6%,69.65,1.23,-46%
28,18:39:32,Газпрнефть,SIBN,447.95,+1.12%,184.04,+5.6%,+3.8%,-17.5%,-17.5%,2 105.14,37.12,+36%
29,18:39:57,Сургнфгз,SNGS,22.8,-0.98%,182.77,+4.1%,-3.0%,-42.6%,-42.6%,1 086.61,19.16,-74%
30,18:39:54,ОГК-2 ао,OGKB,0.6789,-1.08%,161.93,+6.0%,+46.9%,+7.0%,+7.0%,74.85,1.32,+10%
31,18:39:55,НЛМК ао,NLMK,131.5,+0.38%,150.85,+1.5%,-18.4%,-39.6%,-39.6%,779.84,13.75,-45%
32,18:39:55,МосБиржа,MOEX,86.13,-1.1%,148.09,+0.4%,-5.4%,-43.7%,-43.7%,195.88,3.45,-31%
33,18:39:58,Селигдар,SELG,52.03,+0.37%,146.65,+4.6%,+5.9%,-9.8%,-9.8%,51.64,0.91,+55%
34,18:39:47,Сургнфгз-п,SNGSP,35.81,-0.42%,140.90,+0.9%,+7.5%,-6.8%,-6.8%,1 086.61,19.16,-60%
35,18:39:57,Сегежа,SGZH,8.283,+0.39%,140.33,+1.0%,-9.0%,-25.3%,-25.3%,129.98,2.29,-21%
36,18:39:57,Polymetal,POLY,475.5,+0.15%,129.63,+4.3%,-26.1%,-63.7%,-63.7%,225.11,3.97,-6%
37,18:39:52,Распадская,RASP,281,-2.12%,127.22,-6.1%,-26.8%,-40.1%,-40.1%,187.07,3.30,-39%
38,18:39:51,Татнфт 3ап,TATNP,391.8,+0.69%,122.83,+7.7%,+7.4%,-14.8%,-14.8%,996.82,17.58,-14%
39,18:39:43,OZON-адр,OZON,851,-3.3%,121.74,+9.7%,-12.1%,-62.7%,-62.7%,184.17,3.25,+28%
40,18:39:57,РУСАЛ ао,RUAL,56.56,-1.21%,112.65,-2.5%,-11.7%,-23.4%,-23.4%,859.32,15.15,+2%
41,18:39:53,Система ао,AFKS,12.549,-1.15%,109.13,+1.9%,-6.3%,-46.4%,-46.4%,120.70,2.13,-55%
42,18:39:48,Мечел ао,MTLR,119.62,-1.08%,97.05,-1.2%,-12.2%,-2.9%,-2.9%,70.33,1.24,-44%
43,18:39:43,ФСК ЕЭС ао,FEES,0.09114,-0.57%,81.00,+8.0%,-13.7%,-43.9%,-43.9%,116.30,2.05,-30%
44,18:39:55,Башнефт ап,BANEP,852,+0.47%,73.25,+3.9%,+15.3%,-14.5%,-14.5%,192.33,3.39,-2%
45,18:39:57,Ростел -ао,RTKM,59.82,+0.66%,68.56,+3.6%,+0.9%,-31.4%,-31.4%,208.99,3.69,+17%
46,18:39:52,СПБ Биржа,SPBE,207,-0.29%,61.98,+6.7%,-18.7%,-79.0%,-79.0%,27.50,0.48,-60%
47,18:39:38,ЭН+ГРУП ао,ENPG,529,-1.31%,58.68,-4.6%,-20.5%,-40.2%,-40.2%,339.23,5.98,-25%
48,18:39:55,РусГидро,HYDR,0.7856,-0.81%,50.49,-1.2%,-1.8%,+5.9%,+5.9%,344.84,6.08,-41%
49,18:39:51,FIVE-гдр,FIVE,827,+0.36%,49.69,+2.6%,-24.2%,-57.6%,-57.6%,224.59,3.96,-3%
50,18:39:56,РСетиЦП ао,MRKP,0.2275,+2.71%,49.11,+9.2%,+14.8%,-1.4%,-1.4%,25.63,0.45,-8%
51,18:39:57,AGRO-гдр,AGRO,860.2,-0.37%,45.25,+6.0%,-9.2%,-26.6%,-26.6%,115.72,2.04,-58%
52,18:39:51,ВСМПО-АВСМ,VSMO,58580,-1.58%,45.07,-1.4%,+2.0%,+25.4%,+25.4%,675.40,11.91,+31%
53,18:39:30,ТГК-1,TGKA,0.009588,-0.21%,44.74,+8.9%,+21.3%,-3.5%,-3.5%,36.89,0.65,-33%
54,18:39:29,Россети ао,RSTI,0.6066,-0.26%,44.57,+4.1%,-14.4%,-45.6%,-45.6%,123.26,2.17,+29%
55,18:39:37,Мечел ап,MTLRP,148,+0.71%,43.35,-3.3%,-20.6%,-52.8%,-52.8%,70.33,1.24,-34%
56,18:39:52,ИРКУТ-3,IRKT,34.52,+0.12%,41.66,+11.2%,+34.1%,+55.4%,+55.4%,71.90,1.27,+13%
57,18:38:29,Транснф ап,TRNFP,128900,-1.23%,40.67,-5.9%,+15.9%,-18.7%,-18.7%,200.42,3.53,-41%
58,18:39:57,ДетскийМир,DSKY,64.96,-0.22%,39.00,-2.3%,-11.5%,-47.9%,-47.9%,48.01,0.85,-31%
59,18:39:52,ЛСР ао,LSRG,499.8,+1.34%,37.06,+3.5%,-0.6%,-18.0%,-18.0%,51.52,0.91,+110%
60,18:39:57,iПозитив,POSI,844.6,-0.17%,33.58,-0.3%,-11.6%,-0.4%,-0.4%,50.66,0.89,+94%
61,18:39:02,АшинскийМЗ,AMEZ,19.5,+1.85%,32.37,+0.4%,-11.3%,+8.9%,+8.9%,9.73,0.17,+588%
62,18:39:58,GEMC-гдр,GEMC,396.2,-5.44%,31.76,+41.0%,-21.4%,-60.5%,-60.5%,35.66,0.63,-51%
63,18:39:57,Petropavl,POGR,3.37,+2.12%,27.79,+0.6%,-44.3%,-82.6%,-82.6%,13.38,0.24,-31%
64,18:39:47,РуссНфт ао,RNFT,89,+0.23%,25.31,+0.5%,-7.9%,-42.0%,-42.0%,26.18,0.46,+52%
65,18:39:58,ДВМП ао,FESH,31.34,-1.07%,24.59,-1.5%,-8.4%,+14.3%,+14.3%,92.49,1.63,-33%
66,18:39:30,iSFTL-гдр,SFTL,116.8,+5.13%,22.80,+8.1%,-28.8%,-77.4%,-77.4%,21.46,0.38,+94%
67,18:39:50,iQIWI,QIWI,307,-1.6%,21.22,-8.6%,-5.8%,-49.3%,-49.3%,18.71,0.33,-54%
68,18:39:17,РоссЦентр,MRKC,0.2962,+3.13%,20.54,+7.9%,-1.5%,-28.6%,-28.6%,12.50,0.22,+52%
69,18:39:41,iИСКЧ ао,ISKJ,63.48,-0.19%,18.78,-4.4%,-13.4%,-44.8%,-44.8%,5.39,0.10,-16%
70,18:39:55,РСетиЛЭ-п,LSNGP,136.65,-0.62%,17.36,+0.2%,-13.7%,-19.4%,-19.4%,70.95,1.25,-55%
71,18:31:36,ИНГРАД ао,INGR,1284,-0.62%,16.68,+3.5%,-4.3%,-29.0%,-29.0%,52.93,0.93,+114%
72,18:39:58,GLTR-гдр,GLTR,327.05,-2.66%,15.66,+1.3%,-17.9%,-49.4%,-49.4%,58.46,1.03,-66%
73,18:39:35,ETLN-гдр,ETLN,55.6,+2.36%,15.56,+4.8%,-12.2%,-35.0%,-35.0%,21.32,0.38,+264%
74,18:38:08,МРСК Ур,MRKU,0.1986,-0.4%,15.06,+5.9%,+9.6%,+11.7%,+11.7%,17.35,0.31,+89%
75,18:39:51,М.видео,MVID,190.5,-0.21%,14.61,+1.4%,-14.8%,-56.5%,-56.5%,34.25,0.60,-49%
76,18:38:08,+МосЭнерго,MSNG,2.1485,-0.37%,14.46,+5.6%,+21.5%,+2.5%,+2.5%,85.40,1.51,-35%
77,18:39:51,MDMG-гдр,MDMG,364.7,+0.47%,12.84,+10.5%,-21.4%,-54.3%,-54.3%,27.40,0.48,-75%
78,18:39:29,Телеграф-п,CNTLP,9.82,+3.37%,12.57,+10.6%,+58.9%,+21.5%,+21.5%,2.36,0.04,-31%
79,18:39:43,НКНХ ап,NKNCP,66.24,-0.72%,12.12,+1.3%,-9.5%,-34.9%,-34.9%,145.84,2.57,-18%
80,18:39:08,Белуга ао,BELU,2278,-0.35%,10.92,-1.4%,-11.9%,-32.0%,-32.0%,36.01,0.63,-63%
81,18:39:06,ТМК ао,TRMK,53.48,+1.36%,10.22,+4.8%,-13.9%,-26.5%,-26.5%,55.07,0.97,-42%
82,18:36:27,Куйбазот,KAZT,417.8,+0.87%,9.91,+4.2%,-7.3%,+7.4%,+7.4%,99.44,1.75,+74%
83,18:39:56,FIXP-гдр,FIXP,299.1,-1.16%,9.80,+1.1%,-17.9%,-44.9%,-44.9%,254.24,4.48,-33%
84,18:39:13,Совкомфлот,FLOT,37.31,+0.24%,9.23,+0.8%,-11.2%,-49.2%,-49.2%,88.61,1.56,-22%
85,18:39:12,ЧеркизГ-ао,GCHE,2704,-0.22%,9.02,-1.7%,-9.2%,-8.2%,-8.2%,114.40,2.02,+40%
86,18:39:55,Русгрэйн,RUGR,18.478,+0.42%,7.66,-1.5%,-9.4%,+50.3%,+50.3%,0.79,0.01,+90%
87,18:39:06,ОргСинт ао,KZOS,72.2,+3.59%,7.62,+7.4%,+3.6%,-25.3%,-25.3%,130.83,2.31,+220%
88,18:29:52,ТГК-2,TGKB,0.00388,+5.87%,7.55,+8.1%,+7.9%,-6.7%,-6.7%,5.79,0.10,+361%
89,18:39:25,Ростел -ап,RTKMP,59.95,+0.08%,7.01,+3.5%,-1.8%,-21.3%,-21.3%,208.99,3.69,-33%
90,18:39:28,НМТП ао,NMTP,5.58,+0.54%,6.93,+1.4%,+1.4%,-17.4%,-17.4%,107.47,1.90,-46%
91,18:39:55,КАМАЗ,KMAZ,97,-1.02%,6.75,-0.1%,-5.9%,-7.6%,-7.6%,68.53,1.21,-50%
92,18:37:27,РСетиМР ао,MSRS,0.9765,+1.88%,6.72,+6.3%,+1.2%,-21.2%,-21.2%,47.56,0.84,-36%
93,18:39:25,БСП ао,BSPB,68.99,-0.66%,6.21,+3.5%,+7.6%,-16.0%,-16.0%,33.08,0.58,-5%
94,18:39:56,Башнефт ао,BANE,1130,+0.27%,6.14,+0.8%,+13.3%,-16.9%,-16.9%,192.33,3.39,-55%
95,18:36:42,КрасОкт-ао,KROT,305,+5.72%,5.63,+5.4%,-7.6%,-21.9%,-21.9%,3.20,0.06,+7673%
96,18:39:58,ОВК ао,UWGN,43.6,+0.93%,5.50,+12.1%,-8.6%,-41.2%,-41.2%,5.05,0.09,+99%
97,18:39:48,РДБанк ао,RDRB,174,+12.99%,4.80,+17.6%,+10.1%,-13.9%,-13.9%,3.30,0.06,+1074%
98,18:38:31,НКНХ ао,NKNC,81.4,+1.06%,4.57,+4.4%,-8.3%,-26.6%,-26.6%,145.84,2.57,+12%
99,18:39:22,CIAN-адр,CIAN,281,-0.92%,4.45,-3.7%,-17.5%,-73.0%,-73.0%,,,+14%
100,18:39:13,iАвиастКао,UNAC,0.6405,-1.39%,4.22,+0.8%,+0.7%,+3.4%,+3.4%,336.69,5.94,+39%
101,18:38:34,РусАква ао,AQUA,484,+0.21%,4.14,+0.2%,+13.1%,-19.4%,-19.4%,42.53,0.75,-28%
102,18:39:24,ОРГ ао,ORUP,5.76,-0.35%,3.87,+5.5%,-13.0%,-65.3%,-65.3%,0.65,0.01,-10%
103,18:35:48,АбрауДюрсо,ABRD,168.5,-1.75%,3.57,+0.3%,-6.4%,-12.5%,-12.5%,16.61,0.29,+15%
104,18:39:53,Русолово,ROLO,6.865,-1.93%,3.52,+0.5%,-15.5%,-15.9%,-15.9%,20.60,0.36,-76%
105,18:39:05,СаратНПЗ-п,KRKNP,10760,+1.32%,3.18,+1.9%,-23.7%,-30.8%,-30.8%,8.48,0.15,-72%
106,18:39:18,ТНСэнВор-п,VRSBP,84.8,+6%,3.11,+4.4%,+123.2%,+72.4%,+72.4%,10.58,0.19,+93%
107,18:39:44,Телеграф,CNTL,10.82,+1.5%,3.06,+7.1%,+16.3%,-9.5%,-9.5%,2.36,0.04,-10%
108,18:39:28,iФармсинтз,LIFE,3.775,+0.67%,3.00,+3.3%,-3.9%,-32.5%,-32.5%,1.14,0.02,-16%
109,18:39:34,Светофор,SVET,23.35,0%,3.00,+2.2%,-21.9%,-69.9%,-69.9%,0.52,0.01,-45%
110,18:39:25,Ренессанс,RENI,43.81,0%,2.75,-0.4%,+8.6%,-56.6%,-56.6%,24.40,0.43,+446%
111,18:36:23,ДагСб ао,DASB,0.1421,-0.84%,2.66,-0.6%,-12.0%,-29.5%,-29.5%,0.75,0.01,+49%
112,18:33:50,ТГК-2 ап,TGKBP,0.0058,+2.84%,2.56,+1.8%,-6.5%,-11.7%,-11.7%,5.79,0.10,+422%
113,18:39:55,РязЭнСб,RZSB,16.2,+2.92%,2.50,-0.6%,-23.7%,-8.7%,-8.7%,3.36,0.06,-66%
114,18:39:36,Лензол. ап,LNZLP,1635,-0.3%,2.43,-0.9%,-15.1%,-0.3%,-0.3%,10.87,0.19,-12%
115,18:34:48,Куйбазот-п,KAZTP,434.8,+0.42%,2.37,+2.8%,-8.3%,+8.9%,+8.9%,99.44,1.75,+89%
116,18:32:18,КоршГОК ао,KOGK,37400,+1.63%,2.31,+2.7%,-7.9%,-26.1%,-26.1%,9.35,0.16,+349%
117,18:38:51,ОргСинт ап,KZOSP,16.27,+0.37%,2.30,+4.6%,-14.8%,-37.9%,-37.9%,130.83,2.31,-48%
118,18:39:25,Аптеки36и6,APTK,12.21,+0.02%,2.07,+0.4%,-2.4%,-12.5%,-12.5%,93.06,1.64,+226%
119,18:34:13,ТНСэнВорон,VRSB,160,0%,1.95,-2.3%,-2.1%,-25.7%,-25.7%,10.58,0.19,+68%
120,18:39:11,Россети ап,RSTIP,1.289,+0.47%,1.91,+5.1%,-12.0%,-27.5%,-27.5%,123.26,2.17,-34%
121,18:15:11,ТНСэнМарЭл,MISB,16.6,+3.75%,1.78,+7.1%,+14.5%,+15.3%,+15.3%,2.19,0.04,+1572%
122,18:22:25,Лензолото,LNZL,9030,+0.33%,1.67,-0.2%,-10.9%,-1.8%,-1.8%,10.87,0.19,-22%
123,18:22:33,ТНСэМаЭл-п,MISBP,15.5,+3.33%,1.55,+4.7%,+39.6%,+49.0%,+49.0%,2.19,0.04,+60%
124,18:37:23,РСетиЛЭ,LSNG,6.83,-0.73%,1.50,-0.3%,-15.6%,-18.1%,-18.1%,70.95,1.25,+15%
125,18:17:51,iHHRU-адр,HHRU,922,-1.5%,1.46,+4.8%,-38.5%,-76.0%,-76.0%,46.39,0.82,-33%
126,18:39:20,БурЗолото,BRZL,859,0%,1.43,-0.1%,-8.6%,-21.7%,-21.7%,6.09,0.11,+4084%
127,18:37:33,КМЗ,KMEZ,884,+4.99%,1.41,+5.7%,-1.7%,-14.9%,-14.9%,3.33,0.06,+3804%
128,18:39:42,Ижсталь ап,IGSTP,2270,+6.47%,1.32,+5.7%,-11.1%,+5.6%,+5.6%,2.43,0.04,+1220%
129,18:27:35,Красэсб ао,KRSB,7.32,-1.48%,1.27,-1.9%,-25.6%,-15.1%,-15.1%,5.73,0.10,+46%
130,18:37:57,Россети СК,MRKK,11.78,0%,1.25,-9.8%,-39.1%,-56.8%,-56.8%,10.49,0.19,-58%
131,18:23:10,ЭсЭфАй ао,SFIN,534.4,+0.64%,1.22,-0.2%,+17.5%,+1.6%,+1.6%,59.66,1.05,-43%
132,18:38:43,ГИТ ао,GRNT,0.1975,+0.51%,1.20,-1.3%,-19.2%,-44.1%,-44.1%,0.23,0.00,+4%
133,18:39:13,Таттел. ао,TTLK,0.488,-2.3%,1.20,+8.0%,-15.5%,-15.7%,-15.7%,10.29,0.18,-63%
134,18:10:08,УрКузница,URKZ,11040,+5.75%,1.19,+9.3%,-0.2%,-32.1%,-32.1%,6.05,0.11,+616%
135,18:33:37,Ижсталь2ао,IGST,2250,+4.55%,1.17,+3.9%,-18.4%,-11.6%,-11.6%,2.43,0.04,+3303%
136,18:34:43,ДЭК ао,DVEC,0.964,+0.1%,1.13,+2.9%,-7.4%,-22.3%,-22.3%,16.67,0.29,-34%
137,18:37:25,РСетиСЗ ао,MRKZ,0.0292,0%,1.12,+3.7%,-5.2%,-43.9%,-43.9%,2.80,0.05,-32%
138,18:36:53,МГТС-4ап,MGTSP,690,+1.77%,1.09,+3.6%,-14.4%,-41.4%,-41.4%,134.25,2.37,+79%
139,18:38:17,КрасОкт-1п,KROTP,236,+3.51%,1.06,+8.3%,-8.0%,-18.3%,-18.3%,3.20,0.06,+9329%
140,18:35:16,Белон ао,BLNG,10.2,-0.63%,1.02,-1.6%,-5.6%,-10.6%,-10.6%,11.73,0.21,+5%
141,18:39:53,АйсCтим ао,SIBG,0.0525,-6.25%,1.01,+9.4%,-8.7%,-48.5%,-48.5%,0.03,0.00,-82%
142,18:39:13,iММЦБ ао,GEMA,701.5,+0.07%,0.95,+1.3%,+0.5%,-29.8%,-29.8%,1.04,0.02,+323%
143,18:38:20,ЗаводДИОД,DIOD,8.36,-0.12%,0.90,+2.2%,+18.8%,+5.2%,+5.2%,0.76,0.01,-5%
144,18:39:40,УралСиб ао,USBN,0.0625,+1.63%,0.88,+5.0%,-12.0%,-35.4%,-35.4%,22.47,0.40,+107%
145,18:34:45,ЗИЛ ао,ZILL,3110,-0.48%,0.88,-2.5%,+6.5%,-22.4%,-22.4%,8.27,0.15,+598%
146,18:31:32,РсетСиб ао,MRKS,0.2695,+1.51%,0.84,+4.7%,-10.5%,-22.9%,-22.9%,25.51,0.45,-11%
147,18:37:46,OKEY-гдр,OKEY,17.55,-1.57%,0.82,+0.3%,-24.8%,-59.1%,-59.1%,4.72,0.08,-48%
148,18:24:35,ЮТэйр ао,UTAR,6.7,-0.59%,0.82,+0.3%,-8.6%,-12.0%,-12.0%,52.90,0.93,-65%
149,18:38:58,НКХП ао,NKHP,330,+0.46%,0.77,-0.5%,-1.5%,+13.8%,+13.8%,22.31,0.39,-58%
150,18:22:23,СОЛЛЕРС,SVAV,176,+0.57%,0.77,+1.7%,-2.2%,-18.7%,-18.7%,6.03,0.11,+602%
151,18:39:43,РсетВол ао,MRKV,0.0309,-0.64%,0.73,+3.2%,-3.4%,-37.6%,-37.6%,5.82,0.10,-19%
152,18:37:57,Лента ао,LENT,686.5,+0.15%,0.70,+2.2%,-10.8%,-31.2%,-31.2%,66.99,1.18,-21%
153,18:34:41,СтаврЭнСбп,STSBP,0.678,+1.12%,0.62,+3.4%,-1.7%,+13.1%,+13.1%,0.78,0.01,+172%
154,18:39:45,ЯТЭК ао,YAKG,107.6,-0.32%,0.60,+0.1%,-8.1%,-3.9%,-3.9%,88.98,1.57,-69%
155,18:39:45,ГТМ ао,GTRK,22.2,+1.6%,0.58,+2.3%,-13.6%,-23.3%,-23.3%,1.30,0.02,-44%
156,18:35:35,ЧЗПСН ао,PRFN,1.805,-0.22%,0.57,+0.3%,-8.8%,-4.2%,-4.2%,1.52,0.03,+48%
157,15:56:13,СМЗ-ао,MGNZ,11320,-0.44%,0.57,-1.7%,-4.1%,+13.0%,+13.0%,4.51,0.08,-46%
158,18:39:38,МагадЭн ао,MAGE,4.98,-4.05%,0.55,-1.6%,-12.3%,-33.6%,-33.6%,2.77,0.05,+38%
159,18:38:42,Авангрд-ао,AVAN,885,-7.81%,0.52,+8.6%,-0.6%,-13.7%,-13.7%,71.82,1.27,-53%
160,18:19:41,ПермьЭнСб,PMSB,115.6,-1.03%,0.43,+1.9%,-27.1%,-25.2%,-25.2%,5.55,0.10,-79%
161,18:39:40,Квадра,TGKD,0.011545,+0.17%,0.43,+0.4%,-9.9%,+42.7%,+42.7%,22.68,0.40,-38%
162,18:39:40,Сахэнер ао,SLEN,3.045,+2.53%,0.42,+2.2%,+5.0%,-18.5%,-18.5%,3.77,0.07,+183%
163,18:39:30,НЕФАЗ,NFAZ,260,+0.58%,0.41,+0.6%,-4.1%,-57.7%,-57.7%,2.09,0.04,-38%
164,18:25:13,СтаврЭнСб,STSB,0.7045,+3.99%,0.41,+8.7%,+3.6%,+2.0%,+2.0%,0.78,0.01,+3107%
165,18:16:54,СаратЭн-ао,SARE,0.111,-0.54%,0.40,+5.3%,-14.2%,-4.6%,-4.6%,0.67,0.01,+60%
166,18:39:34,МордЭнСб,MRSB,0.333,-0.3%,0.39,+0.3%,-6.2%,-18.6%,-18.6%,0.45,0.01,+225%
167,18:35:30,VEON,VEON-RX,41.8,-1.99%,0.39,-5.5%,-35.2%,-67.5%,-67.5%,73.11,1.29,-19%
168,18:30:12,Варьеган-п,VJGZP,608,-0.16%,0.37,+0.5%,-10.2%,-22.1%,-22.1%,27.58,0.49,-22%
169,18:38:43,ПермьЭнС-п,PMSBP,120,+0.5%,0.36,+3.4%,-27.2%,-17.1%,-17.1%,5.55,0.10,-65%
170,18:27:20,ДонскЗР п,DZRDP,1740,0%,0.36,+3.6%,+2.4%,+6.1%,+6.1%,0.84,0.01,-69%
171,18:37:51,КалужскСК,KLSB,9.07,+1.57%,0.35,+3.4%,-2.9%,-14.4%,-14.4%,0.83,0.01,+124%
172,18:23:52,Росбанк ао,ROSB,104.6,-0.57%,0.35,+5.4%,,+37.6%,+37.6%,162.28,2.86,-53%
173,17:04:57,ТНСэКубань,KBSB,171,-1.44%,0.34,+1.8%,+22.1%,+22.6%,+22.6%,3.06,0.05,-61%
174,18:38:37,iНаукаСвяз,NSVZ,155.5,+1.97%,0.31,+6.9%,+9.9%,-13.9%,-13.9%,0.73,0.01,-93%
175,16:43:48,ЮжКузб. ао,UKUZ,1088,+0.18%,0.29,+0.6%,-12.3%,-19.0%,-19.0%,39.29,0.69,+225%
176,18:08:12,Мостотрест,MSTT,75.9,+0.2%,0.29,+2.2%,-1.4%,-8.8%,-8.8%,21.42,0.38,+462%
177,18:33:18,СаратНПЗ,KRKN,7750,+2.65%,0.27,-3.7%,-12.4%,-30.5%,-30.5%,8.48,0.15,-43%
178,16:44:02,iНПОНаука,NAUK,171.8,-0.58%,0.27,+1.7%,-1.2%,-6.0%,-6.0%,2.03,0.04,+192%
179,18:37:46,КузнецкийБ,KUZB,0.018,+1.69%,0.25,+1.4%,-0.9%,0,0,0.41,0.01,-32%
180,16:51:45,ЭнергияРКК,RKKE,6150,-0.81%,0.25,+2.2%,-3.6%,-2.8%,-2.8%,11.34,0.20,+5%
181,15:54:11,Варьеган,VJGZ,1327,+1.45%,0.24,-0.4%,-9.6%,-29.4%,-29.4%,27.58,0.49,+60%
182,18:26:22,Нижкамшина,NKSH,23.64,-3.11%,0.24,+2.6%,+6.2%,+0.2%,+0.2%,1.51,0.03,-66%
183,18:24:04,ОМЗ-ап,OMZZP,4055,-0.98%,0.23,+1.1%,-6.5%,-15.8%,-15.8%,11.15,0.20,+212%
184,18:33:57,РБК ао,RBCM,2.736,+0.51%,0.20,+1.4%,+1.3%,-26.6%,-26.6%,1.00,0.02,+49%
185,18:35:49,ТГК-14,TGKN,0.00261,-0.76%,0.20,-0.8%,-5.8%,+0.8%,+0.8%,3.54,0.06,+27%
186,18:38:18,ЗВЕЗДА ао,ZVEZ,3.595,+0.28%,0.19,-1.1%,-13.8%,-9.6%,-9.6%,2.02,0.04,+83%
187,17:52:32,Мегион-ао,MFGS,294.5,+2.61%,0.19,+1.9%,-0.5%,-7.0%,-7.0%,36.11,0.64,+126%
188,18:07:14,Славн-ЯНОС,JNOS,14.05,+1.08%,0.18,+1.1%,+0.4%,-31.8%,-31.8%,16.24,0.29,+1000%
189,18:36:56,БСП ап,BSPBP,13.5,+3.45%,0.17,+4.7%,-2.9%,-28.4%,-28.4%,33.08,0.58,+24%
190,18:33:01,РГС СК ао,RGSS,0.129,+0.78%,0.17,-0.9%,-2.6%,-29.1%,-29.1%,63.15,1.11,+0%
191,18:29:18,ВХЗ-ао,VLHZ,68.6,-0.29%,0.17,+4.1%,-2.6%,-3.7%,-3.7%,0.34,0.01,-87%
192,18:36:13,ДонскЗР,DZRD,1875,-2.09%,0.17,+0.5%,-3.8%,-9.2%,-9.2%,0.84,0.01,-77%
193,18:35:32,ТНСэнРст-п,RTSBP,0.514,+0.98%,0.16,+1.2%,+16.3%,-2.8%,-2.8%,4.87,0.09,+393%
194,17:46:26,МГТС-5ао,MGTS,1550,-0.96%,0.15,0,-7.5%,-23.8%,-23.8%,134.25,2.37,+137%
195,17:02:21,Красэсб ап,KRSBP,7.9,-1%,0.15,+0.5%,-23.7%,-11.2%,-11.2%,5.73,0.10,+15%
196,18:29:10,ТНСэнрг ао,TNSE,750,-2.6%,0.13,-4.5%,+7.9%,-17.6%,-17.6%,10.39,0.18,-66%
197,17:17:55,ЮУНК ао,UNKL,5960,-0.33%,0.13,0,-10.1%,-27.0%,-27.0%,3.57,0.06,-71%
198,18:35:38,РСетКубань,KUBE,59,0%,0.12,+6.3%,-2.3%,-11.3%,-11.3%,19.74,0.35,-85%
199,18:40:08,ТНСэнЯр,YRSB,172,0%,0.12,-1.1%,+2.4%,-16.5%,-16.5%,3.33,0.06,+9%
200,18:39:46,ИКРУСС-ИНВ,RUSI,53,-0.93%,0.12,+3.9%,-11.2%,+6.9%,+6.9%,5.78,0.10,+14%
201,18:04:34,Слав-ЯНОСп,JNOSP,10.1,+1%,0.11,+1.4%,-1.4%,-33.7%,-33.7%,16.24,0.29,+1519%
202,16:30:50,СаратЭн-ап,SAREP,0.0902,-0.88%,0.11,-1.7%,-10.3%,-13.3%,-13.3%,0.67,0.01,-80%
203,18:13:07,ЦМТ ап,WTCMP,6.7,0%,0.11,-0.9%,-9.0%,-20.6%,-20.6%,9.34,0.16,+135%
204,18:34:36,БашИнСв ап,BISVP,7.35,+2.23%,0.11,+4.9%,+5.0%,-35.5%,-35.5%,8.49,0.15,-22%
205,18:38:39,РоссЮг ао,MRKY,0.0336,+0.15%,0.11,+2.3%,-14.0%,-25.5%,-25.5%,5.10,0.09,-65%
206,18:38:20,Левенгук,LVHK,12.09,-0.41%,0.11,+0.8%,-6.3%,-24.3%,-24.3%,0.64,0.01,-1%
207,18:01:34,Мегион-ап,MFGSP,206,+2.49%,0.10,+4.0%,-1.4%,-24.8%,-24.8%,36.11,0.64,+108%
208,18:22:37,Электрцинк,ELTZ,152.5,+0.33%,0.09,+0.3%,-6.2%,-9.5%,-9.5%,0.21,0.00,-24%
209,18:08:26,ТКЗКК ап,KRKOP,8.29,+0.36%,0.09,-1.3%,-10.3%,-17.5%,-17.5%,10.78,0.19,+43%
210,18:39:44,РН-ЗапСиб,CHGZ,34.6,+1.17%,0.08,+3.6%,-9.9%,-40.5%,-40.5%,0.93,0.02,+25%
211,17:38:28,ГАЗ ап,GAZAP,247,0%,0.08,+2.5%,-1.4%,-30.4%,-30.4%,6.82,0.12,+235%
212,16:05:04,Приморье,PRMB,39600,0%,0.08,-4.8%,+0.5%,+3.7%,+3.7%,9.90,0.17,-33%
213,16:31:23,СамарЭн-ао,SAGO,1.222,-1.61%,0.08,+1.0%,-2.1%,+4.3%,+4.3%,4.95,0.09,-13%
214,18:32:03,Химпром ап,HIMCP,8.89,+0.23%,0.08,+3.5%,-0.1%,-6.5%,-6.5%,2.72,0.05,-81%
215,18:40:08,КамчатЭ ап,KCHEP,0.313,0%,0.07,-1.6%,-3.7%,-17.2%,-17.2%,7.93,0.14,0%
216,18:35:00,АстрЭнСб,ASSB,0.697,-1.69%,0.06,+0.9%,-1.2%,-16.1%,-16.1%,0.54,0.01,-50%
217,18:30:58,ЧМК ао,CHMK,3190,+0.16%,0.06,+0.6%,-17.6%,-32.4%,-32.4%,10.09,0.18,-66%
218,16:54:05,КамчатЭ ао,KCHE,0.1615,-0.31%,0.06,-0.3%,-6.6%,-19.0%,-19.0%,7.93,0.14,+69%
219,18:40:08,Инв-Девел,IDVP,20000,0%,0.06,0,,,,42.21,0.74,0%
220,18:27:26,КурганГКап,KGKCP,37.6,0%,0.06,+0.5%,-2.1%,-20.0%,-20.0%,5.22,0.09,+115%
221,18:38:00,Арсагера,ARSA,5.6,+1.82%,0.06,+0.2%,-2.4%,-26.0%,-26.0%,0.69,0.01,+19%
222,18:40:08,ГазпРнД ао,RTGZ,26200,0%,0.05,-1.5%,+0.4%,-15.8%,-15.8%,3.15,0.06,+100%
223,18:38:49,ТамбЭнСб-п,TASBP,0.3505,+2.49%,0.05,+2.8%,-4.4%,-21.6%,-21.6%,0.76,0.01,-10%
224,16:46:03,МагадЭн ап,MAGEP,3.17,+0.32%,0.05,+1.0%,-6.8%,-41.3%,-41.3%,2.77,0.05,-85%
225,18:21:19,ЛЭСК ао,LPSB,8.5,+0.59%,0.04,+0.6%,-1.2%,-7.1%,-7.1%,1.32,0.02,+254%
226,18:44:48,КСБ ап,KTSBP,0.288,0%,0.04,+0.7%,-1.7%,-14.4%,-14.4%,0.54,0.01,+7%
227,18:30:16,HMSG-гдр,HMSG,127,-0.78%,0.04,+6.3%,-21.4%,-58.2%,-58.2%,2.98,0.05,-74%
228,18:35:38,ОКС ао,UCSS,695,+0.72%,0.04,+3.0%,+16.8%,-14.2%,-14.2%,16.48,0.29,-47%
229,16:25:28,ТЗА ао,TUZA,94,+0.53%,0.04,+2.2%,-5.1%,-34.9%,-34.9%,0.77,0.01,-24%
230,17:26:14,ГАЗ ао,GAZA,349,+1.01%,0.03,+3.1%,-1.8%,-23.3%,-23.3%,6.82,0.12,+68%
231,16:54:19,ЦМТ ао,WTCM,7.62,-1.3%,0.03,+0.5%,-9.3%,-21.0%,-21.0%,9.34,0.16,-86%
232,18:18:34,ЕвроЭлтех,EELT,5.02,+0.4%,0.03,+0.4%,-0.8%,-29.1%,-29.1%,3.06,0.05,+198%
233,18:39:45,ПавлАвт ао,PAZA,5020,-1.18%,0.03,-3.8%,-8.7%,-12.2%,-12.2%,7.84,0.14,-89%
234,15:25:29,ТНСэнНН ап,NNSBP,590,+1.72%,0.02,-1.3%,+6.3%,-29.2%,-29.2%,7.74,0.14,-89%
235,17:51:40,РОСИНТЕРао,ROST,46,+1.32%,0.02,+2.7%,-1.3%,-33.3%,-33.3%,0.75,0.01,-22%
236,17:39:36,ВыбСудЗ ап,VSYDP,4240,-1.4%,0.02,-1.4%,-6.2%,-11.7%,-11.7%,6.43,0.11,+304%
237,16:41:39,ВолгЭнСб-п,VGSBP,1.825,+1.67%,0.01,+2.0%,-0.5%,-17.4%,-17.4%,1.29,0.02,+15%
238,15:39:02,СамарЭн-ап,SAGOP,1.194,-1.65%,0.01,-1.2%,-6.0%,-0.4%,-0.4%,4.95,0.09,-72%
239,18:33:50,ТНСэнРст,RTSB,0.544,+0.37%,0.01,+1.9%,+13.3%,-16.6%,-16.6%,4.87,0.09,-90%
240,15:55:09,ТРК ап,TORSP,0.188,-1.31%,0.01,-1.8%,-3.8%,-25.1%,-25.1%,1.15,0.02,+39%
241,17:58:00,МЕРИДИАН,MERF,9.85,+1.55%,0.01,+1.0%,-5.3%,-21.2%,-21.2%,5.14,0.09,+33%
242,18:26:56,КосогМЗ ао,KMTZ,650,0%,0.01,0,,,,18.47,0.33,+100%
243,15:38:07,Квадра-п,TGKDP,0.00801,-0.87%,0.01,-2.3%,-5.7%,+14.9%,+14.9%,22.68,0.40,-70%
244,10:10:44,ЧКПЗ ао,CHKZ,5420,-1.81%,0.01,-0.4%,-4.6%,-6.6%,-6.6%,3.25,0.06,-87%
245,18:28:10,Якутскэн-п,YKENP,0.2595,+1.37%,0.01,+0.2%,-3.4%,-14.5%,-14.5%,2.43,0.04,-21%
246,14:52:43,КурганГКао,KGKC,38.2,+0.53%,0.01,+1.1%,-1.0%,-18.4%,-18.4%,5.22,0.09,-11%
247,18:09:50,ТНСэнЯр-п,YRSBP,84,-1.18%,0.01,+1.2%,+0.6%,-7.7%,-7.7%,3.33,0.06,-45%
248,18:40:08,КСБ ао,KTSB,0.58,0%,0.01,+1.8%,-3.3%,-3.0%,-3.0%,0.54,0.01,+40%
249,18:21:57,ВыбСудЗ ао,VSYD,3995,+1.14%,0.01,-1.0%,-6.2%,-14.9%,-14.9%,6.43,0.11,-80%
250,18:28:29,Якутскэнрг,YKEN,0.262,-0.38%,0.01,+1.4%,-1.3%,-14.1%,-14.1%,2.43,0.04,+201%
251,17:08:15,ВолгЭнСб,VGSB,3.585,-1.24%,0.01,+0.3%,-5.4%,-5.7%,-5.7%,1.29,0.02,-61%
252,18:34:13,Медиахолд,ODVA,0.0802,-1.47%,0.01,-0.7%,-7.6%,-10.1%,-10.1%,0.06,0.00,-34%
253,17:15:22,ТНСэнНН ао,NNSB,1815,-0.82%,0.00,-2.4%,+0.6%,-14.6%,-14.6%,7.74,0.14,-88%
254,18:40:08,ТРК ао,TORS,0.274,0%,0.00,+0.4%,+1.1%,-16.5%,-16.5%,1.15,0.02,0%
255,13:17:44,ТамбЭнСб,TASB,0.445,+1.48%,0.00,+0.2%,+3.5%,-15.8%,-15.8%,0.76,0.01,-96%
256,18:40:08,АСКО ао,ACKO,,0%,,,,,,1.92,0.03,
257,18:40:08,БашИнСв ао,BISV,,0%,,,,,,8.49,0.15,
258,18:40:08,Держава ап,DERZP,,0%,,,,,,,,
259,18:40:08,EM44-гдр,EM44,,0%,,,,,,,,
260,18:40:08,ГАЗКОН-ао,GAZC,,0%,,,,,,66.49,1.17,
261,18:40:08,ГАЗ-сервис,GAZS,,0%,,,,,,60.51,1.07,
262,18:40:08,ГАЗ-Тек ао,GAZT,,0%,,,,,,40.07,0.71,
263,18:40:08,ГЕОТЕК ао,GTSS,,0%,,,,,,,,
264,18:40:08,Химпром ао,HIMC,,0%,,,,,,2.72,0.05,
265,18:40:08,ИркЭнерго,IRGZ,,0%,,,,,,66.83,1.18,
266,18:40:08,ТКЗКК ао,KRKO,,0%,,,,,,10.78,0.19,
267,18:40:08,Кокс ао,KSGR,,0%,,,,,,,,
268,18:40:08,КЗМС ао,KZMS,,0%,,,,,,0.20,0.00,
269,18:40:08,МегаФон ао,MFON,,0%,,,,,,403.37,7.11,
270,18:40:08,Морион ао,MORI,,0%,,,,,,0.71,0.01,
271,18:40:08,Физика ао,NPOF,,0%,,,,,,1.07,0.02,
272,18:40:08,Raven,RAVN,,0%,,,,,,13.60,0.24,
273,18:40:08,ТрансК ао,TRCN,,0%,,,,,,119.43,2.11,
274,18:40:08,ТрансФ ао,TRFM,,0%,,,,,,,,
275,18:40:08,Уркалий-ао,URKA,,0%,,,,,,151.01,2.66,
